userId=65701,null,2015-06-11 14:40:04,2015-06-10 14:37:49,stPosition=Topeliusgatan,edPosition=Skolgatan,priority=time,startPositionLatitude=17.6448026,startPositionLongitude=59.8588026
userId=448575,null,2015-06-11 09:20:31,2015-06-10 14:37:49,stPosition=Ihres väg,edPosition=Flogsta vårdcentral,priority=distance,startPositionLatitude=17.6449324,startPositionLongitude=59.8589324
userId=71315,null,2015-06-11 09:34:03,2015-06-10 14:37:49,stPosition=Studentstaden,edPosition=Reykjaviksgatan,priority=distance,startPositionLatitude=17.644308,startPositionLongitude=59.858307999999994
userId=233829,null,2015-06-11 06:54:46,2015-06-10 14:37:49,stPosition=Götgatan,edPosition=Huges väg,priority=time,startPositionLatitude=17.644659899999997,startPositionLongitude=59.8586599
userId=415628,2015-06-11 15:06:48,null,2015-06-10 14:37:49,stPosition=Ferlinsgatan,edPosition=Portalgatan,priority=time,startPositionLatitude=17.6449458,startPositionLongitude=59.858945799999994
userId=35552,null,2015-06-11 09:28:26,2015-06-10 14:37:49,stPosition=Säves väg,edPosition=Ferlinsgatan,priority=distance,startPositionLatitude=17.644164999999997,startPositionLongitude=59.858165
userId=305999,2015-06-11 16:49:45,null,2015-06-10 14:37:49,stPosition=Djäknegatan,edPosition=Noreens väg,priority=distance,startPositionLatitude=17.6449039,startPositionLongitude=59.858903899999994
userId=3773,null,2015-06-11 06:28:58,2015-06-10 14:37:49,stPosition=Kungshögarna,edPosition=Stadshuset,priority=time,startPositionLatitude=17.6441016,startPositionLongitude=59.8581016
userId=189605,null,2015-06-11 16:49:34,2015-06-10 14:37:49,stPosition=Ekebyhus,edPosition=Portalgatan,priority=time,startPositionLatitude=17.644617299999997,startPositionLongitude=59.8586173
userId=415691,2015-06-11 07:17:05,null,2015-06-10 14:37:49,stPosition=Djäknegatan,edPosition=Höganäsgatan,priority=distance,startPositionLatitude=17.6442849,startPositionLongitude=59.858284899999994
userId=164427,null,2015-06-11 03:48:48,2015-06-10 14:37:49,stPosition=Djäknegatan,edPosition=Noreens väg,priority=distance,startPositionLatitude=17.644038799999997,startPositionLongitude=59.858038799999996
userId=405172,null,2015-06-11 16:51:52,2015-06-10 14:37:49,stPosition=Djäknegatan,edPosition=Flogsta vårdcentral,priority=time,startPositionLatitude=17.6449903,startPositionLongitude=59.858990299999995
userId=420516,null,2015-06-11 16:34:49,2015-06-10 14:37:49,stPosition=Stadshuset,edPosition=Huges väg,priority=distance,startPositionLatitude=17.644324899999997,startPositionLongitude=59.8583249
userId=108591,null,2015-06-11 08:22:35,2015-06-10 14:37:49,stPosition=Kungshögarna,edPosition=Skolgatan,priority=time,startPositionLatitude=17.644912199999997,startPositionLongitude=59.8589122
userId=48082,null,2015-06-11 14:48:29,2015-06-10 14:37:49,stPosition=Ihres väg,edPosition=Huges väg,priority=time,startPositionLatitude=17.6448026,startPositionLongitude=59.8588026
userId=200370,null,2015-06-11 04:55:23,2015-06-10 14:37:49,stPosition=Ferlinsgatan,edPosition=Skolgatan,priority=distance,startPositionLatitude=17.6449324,startPositionLongitude=59.8589324
userId=39334,2015-06-11 16:03:15,null,2015-06-10 14:37:49,stPosition=Djäknegatan,edPosition=Skolgatan,priority=distance,startPositionLatitude=17.644308,startPositionLongitude=59.858307999999994
userId=326034,null,2015-06-11 15:41:52,2015-06-10 14:37:50,stPosition=Ekebyhus,edPosition=Heidenstamstorg,priority=distance,startPositionLatitude=17.6449458,startPositionLongitude=59.858945799999994
userId=51444,null,2015-06-11 09:10:06,2015-06-10 14:37:50,stPosition=Stadshuset,edPosition=Heidenstamstorg,priority=distance,startPositionLatitude=17.644164999999997,startPositionLongitude=59.858165
userId=280401,2015-06-11 18:35:00,null,2015-06-10 14:37:50,stPosition=Topeliusgatan,edPosition=Portalgatan,priority=distance,startPositionLatitude=17.6449039,startPositionLongitude=59.858903899999994
userId=397356,2015-06-11 14:37:29,null,2015-06-10 14:37:50,stPosition=Ferlinsgatan,edPosition=Höganäsgatan,priority=distance,startPositionLatitude=17.6449824,startPositionLongitude=59.858982399999995
userId=178408,null,2015-06-11 06:48:13,2015-06-10 14:37:50,stPosition=Götgatan,edPosition=Ferlinsgatan,priority=distance,startPositionLatitude=17.644617299999997,startPositionLongitude=59.8586173
userId=260102,null,2015-06-11 07:58:23,2015-06-10 14:37:50,stPosition=Ihres väg,edPosition=Huges väg,priority=distance,startPositionLatitude=17.6440138,startPositionLongitude=59.858013799999995
userId=472272,null,2015-06-11 08:00:46,2015-06-10 14:37:50,stPosition=Huges väg,edPosition=Noreens väg,priority=time,startPositionLatitude=17.644038799999997,startPositionLongitude=59.858038799999996
userId=301737,2015-06-11 14:31:37,null,2015-06-10 14:37:50,stPosition=Huges väg,edPosition=Heidenstamstorg,priority=time,startPositionLatitude=17.6449903,startPositionLongitude=59.858990299999995
userId=449250,2015-06-11 05:03:04,null,2015-06-10 14:37:50,stPosition=Ekebyhus,edPosition=Heidenstamstorg,priority=distance,startPositionLatitude=17.644912199999997,startPositionLongitude=59.8589122
userId=230365,null,2015-06-11 16:51:36,2015-06-10 14:37:50,stPosition=Ihres väg,edPosition=Heidenstamstorg,priority=time,startPositionLatitude=17.6448026,startPositionLongitude=59.8588026
userId=336576,null,2015-06-11 06:52:26,2015-06-10 14:37:50,stPosition=Ferlinsgatan,edPosition=Stadshuset,priority=time,startPositionLatitude=17.6449324,startPositionLongitude=59.8589324
userId=437620,2015-06-11 08:19:33,null,2015-06-10 14:37:50,stPosition=Topeliusgatan,edPosition=Portalgatan,priority=distance,startPositionLatitude=17.644308,startPositionLongitude=59.858307999999994
userId=190509,null,2015-06-11 14:12:13,2015-06-10 14:37:50,stPosition=Djäknegatan,edPosition=Skolgatan,priority=time,startPositionLatitude=17.644659899999997,startPositionLongitude=59.8586599
userId=462440,null,2015-06-11 09:25:00,2015-06-10 14:37:50,stPosition=Götgatan,edPosition=Noreens väg,priority=distance,startPositionLatitude=17.6449458,startPositionLongitude=59.858945799999994
userId=380797,null,2015-06-11 06:46:12,2015-06-10 14:37:50,stPosition=Ekebyhus,edPosition=Portalgatan,priority=distance,startPositionLatitude=17.644164999999997,startPositionLongitude=59.858165
userId=47637,null,2015-06-11 17:19:06,2015-06-10 14:37:50,stPosition=Topeliusgatan,edPosition=Höganäsgatan,priority=time,startPositionLatitude=17.6441016,startPositionLongitude=59.8581016
userId=456393,null,2015-06-11 05:14:05,2015-06-10 14:37:50,stPosition=Säves väg,edPosition=Noreens väg,priority=distance,startPositionLatitude=17.6449824,startPositionLongitude=59.858982399999995
userId=307050,null,2015-06-11 06:49:56,2015-06-10 14:37:50,stPosition=Götgatan,edPosition=Flogsta vårdcentral,priority=time,startPositionLatitude=17.6440138,startPositionLongitude=59.858013799999995
userId=441076,2015-06-11 10:25:11,null,2015-06-10 14:45:43,stPosition=Vaksala torg,edPosition=Heidenstamstorg,priority=distance,startPositionLatitude=17.6442315,startPositionLongitude=59.858231499999995
userId=12542,2015-06-11 08:04:41,null,2015-06-10 14:45:43,stPosition=Vaksala torg,edPosition=Regins väg,priority=distance,startPositionLatitude=17.644454399999997,startPositionLongitude=59.8584544
userId=145064,null,2015-06-11 09:28:31,2015-06-10 14:45:43,stPosition=Sernanders väg,edPosition=Djäknegatan,priority=distance,startPositionLatitude=17.6440608,startPositionLongitude=59.8580608
userId=71868,null,2015-06-11 17:32:51,2015-06-10 14:45:43,stPosition=Ekonomikum,edPosition=Reykjaviksgatan,priority=time,startPositionLatitude=17.644661199999998,startPositionLongitude=59.8586612
userId=469717,2015-06-11 09:01:57,null,2015-06-10 14:45:43,stPosition=Sernanders väg,edPosition=Portalgatan,priority=time,startPositionLatitude=17.644061899999997,startPositionLongitude=59.858061899999996
userId=335595,2015-06-11 08:28:22,null,2015-06-10 14:45:44,stPosition=Sernanders väg,edPosition=Valhalls väg,priority=time,startPositionLatitude=17.6448686,startPositionLongitude=59.858868599999994
userId=25376,null,2015-06-11 18:04:14,2015-06-10 14:45:44,stPosition=Sernanders väg,edPosition=Heidenstamstorg,priority=time,startPositionLatitude=17.6443686,startPositionLongitude=59.8583686
userId=295214,2015-06-11 08:27:49,null,2015-06-10 14:45:44,stPosition=Djäknegatan,edPosition=Huges väg,priority=distance,startPositionLatitude=17.644284099999997,startPositionLongitude=59.8582841
userId=78181,2015-06-11 05:50:43,null,2015-06-10 14:45:44,stPosition=Ferlinsgatan,edPosition=Stadshuset,priority=time,startPositionLatitude=17.6447561,startPositionLongitude=59.858756099999994
userId=56662,null,2015-06-11 06:48:23,2015-06-10 14:45:44,stPosition=Huges väg,edPosition=Regins väg,priority=distance,startPositionLatitude=17.644007199999997,startPositionLongitude=59.858007199999996
userId=417821,2015-06-11 04:37:17,null,2015-06-10 14:45:44,stPosition=Värnlundsgatan,edPosition=Topeliusgatan,priority=time,startPositionLatitude=17.6440608,startPositionLongitude=59.8580608
userId=40031,null,2015-06-11 14:04:36,2015-06-10 14:45:44,stPosition=Sernanders väg,edPosition=Regins väg,priority=time,startPositionLatitude=17.644874899999998,startPositionLongitude=59.858874899999996
userId=218535,null,2015-06-11 07:23:32,2015-06-10 14:45:44,stPosition=Rickomberga,edPosition=Kungshögarna,priority=time,startPositionLatitude=17.644661199999998,startPositionLongitude=59.8586612
userId=138375,null,2015-06-11 15:48:56,2015-06-10 14:45:44,stPosition=Väderkvarnsgatan,edPosition=Djäknegatan,priority=time,startPositionLatitude=17.644061899999997,startPositionLongitude=59.858061899999996
userId=85024,null,2015-06-11 15:05:18,2015-06-10 14:45:44,stPosition=Sernanders väg,edPosition=Djäknegatan,priority=time,startPositionLatitude=17.6448686,startPositionLongitude=59.858868599999994
userId=466447,null,2015-06-11 06:09:23,2015-06-10 14:45:44,stPosition=Ekebyhus,edPosition=Heidenstamstorg,priority=distance,startPositionLatitude=17.644891299999998,startPositionLongitude=59.858891299999996
userId=75380,null,2015-06-11 05:49:42,2015-06-10 14:45:44,stPosition=Vaksala torg,edPosition=Vaksala torg,priority=distance,startPositionLatitude=17.644284099999997,startPositionLongitude=59.8582841
userId=122835,null,2015-06-11 09:08:57,2015-06-10 14:45:44,stPosition=Värnlundsgatan,edPosition=Oslogatan,priority=time,startPositionLatitude=17.6447561,startPositionLongitude=59.858756099999994
userId=70073,2015-06-11 06:36:58,null,2015-06-10 14:45:44,stPosition=Vaksala torg,edPosition=Kungshögarna,priority=time,startPositionLatitude=17.644803099999997,startPositionLongitude=59.858803099999996
userId=128279,2015-06-11 08:05:03,null,2015-06-10 14:45:44,stPosition=Vaksala torg,edPosition=Valhalls väg,priority=time,startPositionLatitude=17.644007199999997,startPositionLongitude=59.858007199999996
userId=234459,2015-06-11 06:11:32,null,2015-06-10 14:45:44,stPosition=Vaksala torg,edPosition=Höganäsgatan,priority=distance,startPositionLatitude=17.6442315,startPositionLongitude=59.858231499999995
userId=3016,2015-06-11 07:44:00,null,2015-06-10 14:45:44,stPosition=Flogsta vårdcentral,edPosition=Heidenstamstorg,priority=time,startPositionLatitude=17.644874899999998,startPositionLongitude=59.858874899999996
userId=273236,null,2015-06-11 16:39:11,2015-06-10 14:45:44,stPosition=Stadshuset,edPosition=Kungshögarna,priority=distance,startPositionLatitude=17.644103599999998,startPositionLongitude=59.8581036
userId=178504,2015-06-11 04:52:20,null,2015-06-10 14:45:44,stPosition=Stadshuset,edPosition=Valhalls väg,priority=distance,startPositionLatitude=17.6449748,startPositionLongitude=59.8589748
userId=155066,2015-06-11 07:35:24,null,2015-06-10 14:45:44,stPosition=Stadshuset,edPosition=Ekebyhus,priority=distance,startPositionLatitude=17.644980299999997,startPositionLongitude=59.8589803
userId=408107,2015-06-11 07:37:40,null,2015-06-10 14:45:44,stPosition=Sernanders väg,edPosition=Huges väg,priority=time,startPositionLatitude=17.6448686,startPositionLongitude=59.858868599999994
userId=7148,null,2015-06-11 09:17:31,2015-06-10 14:45:44,stPosition=Studentstaden,edPosition=Sernanders väg,priority=time,startPositionLatitude=17.644891299999998,startPositionLongitude=59.858891299999996
userId=458149,2015-06-11 06:06:31,null,2015-06-10 14:45:44,stPosition=Flogsta vårdcentral,edPosition=Kungshögarna,priority=distance,startPositionLatitude=17.6443686,startPositionLongitude=59.8583686
userId=387749,null,2015-06-11 17:34:56,2015-06-10 14:45:44,stPosition=Götgatan,edPosition=Huges väg,priority=time,startPositionLatitude=17.644284099999997,startPositionLongitude=59.8582841
userId=46845,null,2015-06-11 07:17:53,2015-06-10 14:45:44,stPosition=Huges väg,edPosition=Stadshuset,priority=distance,startPositionLatitude=17.6447561,startPositionLongitude=59.858756099999994
userId=418434,null,2015-06-11 08:24:03,2015-06-10 14:45:44,stPosition=Sernanders väg,edPosition=Väderkvarnsgatan,priority=distance,startPositionLatitude=17.644803099999997,startPositionLongitude=59.858803099999996
userId=310897,2015-06-11 17:45:20,null,2015-06-10 14:45:44,stPosition=Stadshuset,edPosition=Noreens väg,priority=time,startPositionLatitude=17.644007199999997,startPositionLongitude=59.858007199999996
userId=447194,null,2015-06-11 08:35:26,2015-06-10 14:45:44,stPosition=Kantorsgatan,edPosition=Regins väg,priority=time,startPositionLatitude=17.6442315,startPositionLongitude=59.858231499999995
userId=234380,null,2015-06-11 16:51:20,2015-06-10 14:45:44,stPosition=Sernanders väg,edPosition=Huges väg,priority=time,startPositionLatitude=17.644454399999997,startPositionLongitude=59.8584544
userId=399456,null,2015-06-11 15:37:05,2015-06-10 14:45:44,stPosition=Reykjaviksgatan,edPosition=Valhalls väg,priority=time,startPositionLatitude=17.6440608,startPositionLongitude=59.8580608
userId=148551,null,2015-06-11 08:02:04,2015-06-10 14:45:44,stPosition=Stadshuset,edPosition=Huges väg,priority=distance,startPositionLatitude=17.644661199999998,startPositionLongitude=59.8586612
userId=330972,null,2015-06-11 09:00:24,2015-06-10 14:45:45,stPosition=Sernanders väg,edPosition=Reykjaviksgatan,priority=time,startPositionLatitude=17.644061899999997,startPositionLongitude=59.858061899999996
userId=294274,2015-06-11 08:34:31,null,2015-06-10 14:45:45,stPosition=Ekonomikum,edPosition=Värnlundsgatan,priority=distance,startPositionLatitude=17.644980299999997,startPositionLongitude=59.8589803
userId=376194,2015-06-11 15:01:44,null,2015-06-10 14:45:45,stPosition=Djäknegatan,edPosition=Kungshögarna,priority=distance,startPositionLatitude=17.644891299999998,startPositionLongitude=59.858891299999996
userId=289647,null,2015-06-11 07:40:09,2015-06-10 14:45:45,stPosition=Sernanders väg,edPosition=Kungshögarna,priority=distance,startPositionLatitude=17.6443686,startPositionLongitude=59.8583686
userId=113384,null,2015-06-11 06:24:34,2015-06-10 14:45:45,stPosition=Sernanders väg,edPosition=Valhalls väg,priority=distance,startPositionLatitude=17.644284099999997,startPositionLongitude=59.8582841
userId=301487,null,2015-06-11 09:19:08,2015-06-10 14:45:45,stPosition=Vaksala torg,edPosition=Djäknegatan,priority=time,startPositionLatitude=17.6447561,startPositionLongitude=59.858756099999994
userId=409385,null,2015-06-11 06:55:42,2015-06-10 14:45:45,stPosition=Sernanders väg,edPosition=Regins väg,priority=time,startPositionLatitude=17.644803099999997,startPositionLongitude=59.858803099999996
userId=435639,2015-06-11 15:28:45,null,2015-06-10 14:45:45,stPosition=Värnlundsgatan,edPosition=Regins väg,priority=distance,startPositionLatitude=17.6442315,startPositionLongitude=59.858231499999995
userId=350745,null,2015-06-11 16:17:53,2015-06-10 14:45:45,stPosition=Sernanders väg,edPosition=Reykjaviksgatan,priority=distance,startPositionLatitude=17.644454399999997,startPositionLongitude=59.8584544
userId=358579,2015-06-11 06:42:15,null,2015-06-10 14:45:45,stPosition=Portalgatan,edPosition=Kantorsgatan,priority=distance,startPositionLatitude=17.6440608,startPositionLongitude=59.8580608
userId=182383,null,2015-06-11 07:03:10,2015-06-10 14:45:45,stPosition=Sernanders väg,edPosition=Kungshögarna,priority=distance,startPositionLatitude=17.644874899999998,startPositionLongitude=59.858874899999996
userId=18575,null,2015-06-11 18:53:56,2015-06-10 14:45:45,stPosition=Sernanders väg,edPosition=Kantorsgatan,priority=distance,startPositionLatitude=17.644103599999998,startPositionLongitude=59.8581036
userId=272639,2015-06-11 10:15:34,null,2015-06-10 14:45:45,stPosition=Sernanders väg,edPosition=Vaksala torg,priority=distance,startPositionLatitude=17.644661199999998,startPositionLongitude=59.8586612
userId=33862,null,2015-06-11 19:11:09,2015-06-10 14:45:45,stPosition=Stadshuset,edPosition=Huges väg,priority=distance,startPositionLatitude=17.644980299999997,startPositionLongitude=59.8589803
userId=212451,2015-06-11 17:25:22,null,2015-06-10 14:45:45,stPosition=Höganäsgatan,edPosition=Djäknegatan,priority=distance,startPositionLatitude=17.644891299999998,startPositionLongitude=59.858891299999996
userId=203432,2015-06-11 08:40:13,null,2015-06-10 14:45:45,stPosition=Kantorsgatan,edPosition=Värnlundsgatan,priority=time,startPositionLatitude=17.6443686,startPositionLongitude=59.8583686
userId=414426,2015-06-11 07:58:11,null,2015-06-10 14:45:45,stPosition=Sernanders väg,edPosition=Valhalls väg,priority=distance,startPositionLatitude=17.6447561,startPositionLongitude=59.858756099999994
userId=186481,2015-06-11 13:45:53,null,2015-06-10 14:45:45,stPosition=Sernanders väg,edPosition=Regins väg,priority=distance,startPositionLatitude=17.644803099999997,startPositionLongitude=59.858803099999996
userId=108069,2015-06-11 09:04:32,null,2015-06-10 14:45:45,stPosition=Vaksala torg,edPosition=Huges väg,priority=time,startPositionLatitude=17.644007199999997,startPositionLongitude=59.858007199999996
userId=482942,null,2015-06-11 16:06:24,2015-06-10 14:45:45,stPosition=Ferlinsgatan,edPosition=Ekebyhus,priority=distance,startPositionLatitude=17.6442315,startPositionLongitude=59.858231499999995
userId=414691,null,2015-06-11 08:42:03,2015-06-10 14:45:45,stPosition=Sernanders väg,edPosition=Vaksala torg,priority=distance,startPositionLatitude=17.644454399999997,startPositionLongitude=59.8584544
userId=445286,2015-06-11 16:43:46,null,2015-06-10 14:45:45,stPosition=Vaksala torg,edPosition=Reykjaviksgatan,priority=distance,startPositionLatitude=17.6440608,startPositionLongitude=59.8580608
userId=454910,2015-06-11 07:19:06,null,2015-06-10 14:45:45,stPosition=Huges väg,edPosition=Portalgatan,priority=time,startPositionLatitude=17.644874899999998,startPositionLongitude=59.858874899999996
userId=257679,2015-06-11 16:51:25,null,2015-06-10 14:45:45,stPosition=Stadshuset,edPosition=Regins väg,priority=distance,startPositionLatitude=17.644103599999998,startPositionLongitude=59.8581036
userId=268971,2015-06-11 08:29:33,null,2015-06-10 14:45:45,stPosition=Värnlundsgatan,edPosition=Topeliusgatan,priority=distance,startPositionLatitude=17.644661199999998,startPositionLongitude=59.8586612
userId=56831,null,2015-06-11 16:56:53,2015-06-10 14:45:45,stPosition=Stadshuset,edPosition=Kantorsgatan,priority=time,startPositionLatitude=17.644061899999997,startPositionLongitude=59.858061899999996
userId=84425,null,2015-06-11 10:49:01,2015-06-10 14:45:45,stPosition=Huges väg,edPosition=Topeliusgatan,priority=distance,startPositionLatitude=17.644980299999997,startPositionLongitude=59.8589803
userId=53939,2015-06-11 06:00:50,null,2015-06-10 14:45:45,stPosition=Sernanders väg,edPosition=Huges väg,priority=distance,startPositionLatitude=17.6448686,startPositionLongitude=59.858868599999994
userId=439049,null,2015-06-11 15:55:18,2015-06-10 14:45:45,stPosition=Vaksala torg,edPosition=Huges väg,priority=distance,startPositionLatitude=17.644891299999998,startPositionLongitude=59.858891299999996
userId=267070,null,2015-06-11 08:36:09,2015-06-10 14:45:45,stPosition=Värnlundsgatan,edPosition=Valhalls väg,priority=time,startPositionLatitude=17.6447561,startPositionLongitude=59.858756099999994
userId=410462,null,2015-06-11 15:27:46,2015-06-10 14:45:45,stPosition=Sernanders väg,edPosition=Oslogatan,priority=time,startPositionLatitude=17.6440608,startPositionLongitude=59.8580608
userId=351554,null,2015-06-11 05:57:24,2015-06-10 14:45:45,stPosition=Flogsta vårdcentral,edPosition=Ekonomikum,priority=time,startPositionLatitude=17.644874899999998,startPositionLongitude=59.858874899999996
userId=478912,2015-06-11 06:09:55,null,2015-06-10 14:45:45,stPosition=Sernanders väg,edPosition=Regins väg,priority=time,startPositionLatitude=17.644103599999998,startPositionLongitude=59.8581036
userId=73774,2015-06-11 09:04:03,null,2015-06-10 14:45:45,stPosition=Värnlundsgatan,edPosition=Reykjaviksgatan,priority=time,startPositionLatitude=17.6449748,startPositionLongitude=59.8589748
userId=342242,null,2015-06-11 06:06:51,2015-06-10 14:45:46,stPosition=Götgatan,edPosition=Valhalls väg,priority=distance,startPositionLatitude=17.644061899999997,startPositionLongitude=59.858061899999996
userId=318599,2015-06-11 05:55:15,null,2015-06-10 14:45:46,stPosition=Götgatan,edPosition=Sernanders väg,priority=time,startPositionLatitude=17.644980299999997,startPositionLongitude=59.8589803
userId=412936,2015-06-11 05:40:11,null,2015-06-10 14:45:46,stPosition=Stadshuset,edPosition=Kungshögarna,priority=distance,startPositionLatitude=17.6448686,startPositionLongitude=59.858868599999994
userId=106199,null,2015-06-11 08:20:17,2015-06-10 14:45:46,stPosition=Götgatan,edPosition=Kungshögarna,priority=distance,startPositionLatitude=17.644891299999998,startPositionLongitude=59.858891299999996
userId=86197,null,2015-06-11 13:48:19,2015-06-10 14:45:46,stPosition=Rickomberga,edPosition=Huges väg,priority=distance,startPositionLatitude=17.6443686,startPositionLongitude=59.8583686
userId=235885,null,2015-06-11 07:20:06,2015-06-10 14:45:46,stPosition=Sernanders väg,edPosition=Huges väg,priority=distance,startPositionLatitude=17.6447561,startPositionLongitude=59.858756099999994
userId=333609,null,2015-06-11 19:39:40,2015-06-10 14:45:46,stPosition=Stadshuset,edPosition=Valhalls väg,priority=time,startPositionLatitude=17.644007199999997,startPositionLongitude=59.858007199999996
userId=438335,null,2015-06-11 07:21:46,2015-06-10 14:45:46,stPosition=Flogsta vårdcentral,edPosition=Rickomberga,priority=time,startPositionLatitude=17.6440608,startPositionLongitude=59.8580608
userId=402096,null,2015-06-11 15:45:05,2015-06-10 14:45:46,stPosition=Skolgatan,edPosition=Ekebyhus,priority=time,startPositionLatitude=17.644103599999998,startPositionLongitude=59.8581036
userId=202941,null,2015-06-11 06:33:39,2015-06-10 14:45:46,stPosition=Stadshuset,edPosition=Oslogatan,priority=distance,startPositionLatitude=17.6449748,startPositionLongitude=59.8589748
userId=260690,2015-06-11 09:03:11,null,2015-06-10 14:45:46,stPosition=Djäknegatan,edPosition=Kantorsgatan,priority=time,startPositionLatitude=17.644661199999998,startPositionLongitude=59.8586612
userId=29520,2015-06-11 07:54:13,null,2015-06-10 14:45:46,stPosition=Götgatan,edPosition=Huges väg,priority=time,startPositionLatitude=17.644061899999997,startPositionLongitude=59.858061899999996
userId=319120,null,2015-06-11 15:56:07,2015-06-10 14:45:46,stPosition=Sernanders väg,edPosition=Valhalls väg,priority=distance,startPositionLatitude=17.644980299999997,startPositionLongitude=59.8589803
userId=267229,2015-06-11 08:53:34,null,2015-06-10 14:45:46,stPosition=Sernanders väg,edPosition=Ferlinsgatan,priority=time,startPositionLatitude=17.6448686,startPositionLongitude=59.858868599999994
userId=149689,null,2015-06-11 12:50:19,2015-06-10 14:45:46,stPosition=Sernanders väg,edPosition=Valhalls väg,priority=time,startPositionLatitude=17.644891299999998,startPositionLongitude=59.858891299999996
userId=216317,null,2015-06-11 14:40:28,2015-06-10 14:45:46,stPosition=Djäknegatan,edPosition=Vaksala torg,priority=time,startPositionLatitude=17.644284099999997,startPositionLongitude=59.8582841
userId=449026,2015-06-11 08:38:28,null,2015-06-10 14:45:46,stPosition=Sernanders väg,edPosition=Ferlinsgatan,priority=time,startPositionLatitude=17.6447561,startPositionLongitude=59.858756099999994
userId=343074,2015-06-11 07:10:23,null,2015-06-10 14:45:46,stPosition=Vaksala torg,edPosition=Oslogatan,priority=distance,startPositionLatitude=17.644803099999997,startPositionLongitude=59.858803099999996
userId=452958,2015-06-11 15:59:18,null,2015-06-10 14:45:46,stPosition=Sernanders väg,edPosition=Huges väg,priority=distance,startPositionLatitude=17.6442315,startPositionLongitude=59.858231499999995
userId=189308,null,2015-06-11 18:49:20,2015-06-10 14:45:46,stPosition=Vaksala torg,edPosition=Regins väg,priority=distance,startPositionLatitude=17.644454399999997,startPositionLongitude=59.8584544
userId=472155,2015-06-11 05:59:23,null,2015-06-10 14:45:46,stPosition=Flogsta vårdcentral,edPosition=Reykjaviksgatan,priority=time,startPositionLatitude=17.6440608,startPositionLongitude=59.8580608
userId=302228,null,2015-06-11 04:21:50,2015-06-10 14:45:46,stPosition=Stadshuset,edPosition=Ekebyhus,priority=distance,startPositionLatitude=17.644874899999998,startPositionLongitude=59.858874899999996
userId=490921,null,2015-06-11 07:40:20,2015-06-10 14:45:46,stPosition=Säves väg,edPosition=Kantorsgatan,priority=distance,startPositionLatitude=17.644103599999998,startPositionLongitude=59.8581036
userId=346635,2015-06-11 07:44:21,null,2015-06-10 14:45:46,stPosition=Sernanders väg,edPosition=Kantorsgatan,priority=distance,startPositionLatitude=17.6449748,startPositionLongitude=59.8589748
userId=5745,null,2015-06-11 07:07:05,2015-06-10 14:45:46,stPosition=Rickomberga,edPosition=Oslogatan,priority=time,startPositionLatitude=17.644661199999998,startPositionLongitude=59.8586612
userId=169222,null,2015-06-11 16:20:44,2015-06-10 14:45:46,stPosition=Vaksala torg,edPosition=Valhalls väg,priority=distance,startPositionLatitude=17.644891299999998,startPositionLongitude=59.858891299999996
userId=93,null,2015-06-11 06:21:35,2015-06-10 14:45:46,stPosition=Sernanders väg,edPosition=Topeliusgatan,priority=time,startPositionLatitude=17.6443686,startPositionLongitude=59.8583686
userId=363253,null,2015-06-11 06:28:31,2015-06-10 14:45:46,stPosition=Sernanders väg,edPosition=Heidenstamstorg,priority=time,startPositionLatitude=17.644284099999997,startPositionLongitude=59.8582841
userId=5504,2015-06-11 13:59:20,null,2015-06-10 14:45:46,stPosition=Flogsta centrum,edPosition=Höganäsgatan,priority=distance,startPositionLatitude=17.644803099999997,startPositionLongitude=59.858803099999996
userId=237849,2015-06-11 07:44:04,null,2015-06-10 14:45:46,stPosition=Stadshuset,edPosition=Djäknegatan,priority=distance,startPositionLatitude=17.644874899999998,startPositionLongitude=59.858874899999996
userId=486370,2015-06-11 07:35:51,null,2015-06-10 14:45:47,stPosition=Sernanders väg,edPosition=Sernanders väg,priority=distance,startPositionLatitude=17.6449748,startPositionLongitude=59.8589748
userId=92668,2015-06-11 05:58:23,null,2015-06-10 14:45:47,stPosition=Sernanders väg,edPosition=Ferlinsgatan,priority=distance,startPositionLatitude=17.644661199999998,startPositionLongitude=59.8586612
userId=476932,2015-06-11 08:33:03,null,2015-06-10 14:45:47,stPosition=Ihres väg,edPosition=Portalgatan,priority=time,startPositionLatitude=17.644980299999997,startPositionLongitude=59.8589803
userId=160437,2015-06-11 17:05:47,null,2015-06-10 14:45:47,stPosition=Sernanders väg,edPosition=Kantorsgatan,priority=distance,startPositionLatitude=17.644891299999998,startPositionLongitude=59.858891299999996
userId=148836,null,2015-06-11 07:29:21,2015-06-10 14:45:47,stPosition=Väderkvarnsgatan,edPosition=Regins väg,priority=time,startPositionLatitude=17.6443686,startPositionLongitude=59.8583686
userId=256255,2015-06-11 07:32:20,null,2015-06-10 14:45:47,stPosition=Ekebyhus,edPosition=Valhalls väg,priority=time,startPositionLatitude=17.644284099999997,startPositionLongitude=59.8582841
userId=176112,null,2015-06-11 07:29:52,2015-06-10 14:45:47,stPosition=Sernanders väg,edPosition=Huges väg,priority=time,startPositionLatitude=17.6447561,startPositionLongitude=59.858756099999994
userId=238127,null,2015-06-11 09:04:29,2015-06-10 14:45:47,stPosition=Värnlundsgatan,edPosition=Kungshögarna,priority=distance,startPositionLatitude=17.644007199999997,startPositionLongitude=59.858007199999996
userId=492751,2015-06-11 17:39:06,null,2015-06-10 14:45:47,stPosition=Skolgatan,edPosition=Valhalls väg,priority=distance,startPositionLatitude=17.6442315,startPositionLongitude=59.858231499999995
userId=371236,2015-06-11 15:23:11,null,2015-06-10 14:45:47,stPosition=Rickomberga,edPosition=Oslogatan,priority=distance,startPositionLatitude=17.644454399999997,startPositionLongitude=59.8584544
userId=452824,2015-06-11 16:17:11,null,2015-06-10 14:45:47,stPosition=Portalgatan,edPosition=Ferlinsgatan,priority=time,startPositionLatitude=17.6440608,startPositionLongitude=59.8580608
userId=443970,null,2015-06-11 07:00:52,2015-06-10 14:45:47,stPosition=Ekebyhus,edPosition=Värnlundsgatan,priority=distance,startPositionLatitude=17.644874899999998,startPositionLongitude=59.858874899999996
userId=221945,2015-06-11 16:30:39,null,2015-06-10 14:45:47,stPosition=Kantorsgatan,edPosition=Flogsta centrum,priority=time,startPositionLatitude=17.6449748,startPositionLongitude=59.8589748
userId=21636,2015-06-11 05:44:52,null,2015-06-10 14:45:47,stPosition=Sernanders väg,edPosition=Reykjaviksgatan,priority=time,startPositionLatitude=17.644661199999998,startPositionLongitude=59.8586612
userId=407391,2015-06-11 07:17:58,null,2015-06-10 14:45:47,stPosition=Portalgatan,edPosition=Valhalls väg,priority=distance,startPositionLatitude=17.644061899999997,startPositionLongitude=59.858061899999996
userId=175627,2015-06-11 05:39:00,null,2015-06-10 14:45:47,stPosition=Stadshuset,edPosition=Huges väg,priority=distance,startPositionLatitude=17.6448686,startPositionLongitude=59.858868599999994
userId=327708,2015-06-11 16:48:10,null,2015-06-10 14:45:47,stPosition=Sernanders väg,edPosition=Ferlinsgatan,priority=time,startPositionLatitude=17.644891299999998,startPositionLongitude=59.858891299999996
userId=418545,2015-06-11 16:16:17,null,2015-06-10 14:45:47,stPosition=Skolgatan,edPosition=Oslogatan,priority=time,startPositionLatitude=17.6443686,startPositionLongitude=59.8583686
userId=205972,2015-06-11 17:12:39,null,2015-06-10 14:45:47,stPosition=Ferlinsgatan,edPosition=Ferlinsgatan,priority=time,startPositionLatitude=17.644284099999997,startPositionLongitude=59.8582841
userId=321103,null,2015-06-11 15:16:27,2015-06-10 14:45:47,stPosition=Portalgatan,edPosition=Ferlinsgatan,priority=distance,startPositionLatitude=17.6447561,startPositionLongitude=59.858756099999994
userId=288084,2015-06-11 08:20:04,null,2015-06-10 14:45:47,stPosition=Ekebyhus,edPosition=Regins väg,priority=time,startPositionLatitude=17.644803099999997,startPositionLongitude=59.858803099999996
userId=187494,2015-06-11 17:34:24,null,2015-06-10 14:45:47,stPosition=Studentstaden,edPosition=Ferlinsgatan,priority=distance,startPositionLatitude=17.644007199999997,startPositionLongitude=59.858007199999996
userId=208303,null,2015-06-11 17:01:01,2015-06-10 14:45:47,stPosition=Portalgatan,edPosition=Huges väg,priority=time,startPositionLatitude=17.6440608,startPositionLongitude=59.8580608
userId=279331,2015-06-11 19:17:12,null,2015-06-10 14:45:47,stPosition=Skolgatan,edPosition=Kungshögarna,priority=distance,startPositionLatitude=17.644874899999998,startPositionLongitude=59.858874899999996
userId=40484,null,2015-06-11 08:26:07,2015-06-10 14:45:47,stPosition=Sernanders väg,edPosition=Ekebyhus,priority=distance,startPositionLatitude=17.6449748,startPositionLongitude=59.8589748
userId=190703,null,2015-06-11 17:53:29,2015-06-10 14:45:47,stPosition=Stadshuset,edPosition=Topeliusgatan,priority=time,startPositionLatitude=17.644661199999998,startPositionLongitude=59.8586612
userId=488281,2015-06-11 08:29:58,null,2015-06-10 14:45:47,stPosition=Flogsta vårdcentral,edPosition=Sernanders väg,priority=distance,startPositionLatitude=17.644061899999997,startPositionLongitude=59.858061899999996
userId=467509,null,2015-06-11 14:31:05,2015-06-10 14:45:47,stPosition=Vaksala torg,edPosition=Oslogatan,priority=distance,startPositionLatitude=17.644980299999997,startPositionLongitude=59.8589803
userId=240049,2015-06-11 05:41:39,null,2015-06-10 14:45:47,stPosition=Kantorsgatan,edPosition=Värnlundsgatan,priority=distance,startPositionLatitude=17.6448686,startPositionLongitude=59.858868599999994
userId=199243,null,2015-06-11 04:43:58,2015-06-10 14:45:47,stPosition=Sernanders väg,edPosition=Kungshögarna,priority=time,startPositionLatitude=17.644891299999998,startPositionLongitude=59.858891299999996
userId=8981,null,2015-06-11 07:57:46,2015-06-10 14:45:47,stPosition=Kungshögarna,edPosition=Ekebyhus,priority=distance,startPositionLatitude=17.6443686,startPositionLongitude=59.8583686
userId=93494,2015-06-11 15:45:21,null,2015-06-10 14:45:47,stPosition=Vaksala torg,edPosition=Huges väg,priority=distance,startPositionLatitude=17.644284099999997,startPositionLongitude=59.8582841
userId=231745,2015-06-11 18:00:42,null,2015-06-10 14:45:47,stPosition=Götgatan,edPosition=Oslogatan,priority=time,startPositionLatitude=17.6447561,startPositionLongitude=59.858756099999994
userId=329479,null,2015-06-11 15:46:50,2015-06-10 14:45:47,stPosition=Flogsta vårdcentral,edPosition=Valhalls väg,priority=time,startPositionLatitude=17.644803099999997,startPositionLongitude=59.858803099999996
userId=80073,null,2015-06-11 05:39:22,2015-06-10 14:45:47,stPosition=Stadshuset,edPosition=Regins väg,priority=distance,startPositionLatitude=17.644007199999997,startPositionLongitude=59.858007199999996
userId=122385,null,2015-06-11 17:45:50,2015-06-10 14:45:47,stPosition=Kungshögarna,edPosition=Ekebyhus,priority=time,startPositionLatitude=17.6442315,startPositionLongitude=59.858231499999995
userId=305372,null,2015-06-11 16:54:57,2015-06-10 14:45:47,stPosition=Flogsta vårdcentral,edPosition=Reykjaviksgatan,priority=time,startPositionLatitude=17.644874899999998,startPositionLongitude=59.858874899999996
userId=447028,null,2015-06-11 17:08:38,2015-06-10 14:45:48,stPosition=Sernanders väg,edPosition=Ekebyhus,priority=time,startPositionLatitude=17.644103599999998,startPositionLongitude=59.8581036
userId=75560,null,2015-06-11 18:51:40,2015-06-10 14:45:48,stPosition=Heidenstamstorg,edPosition=Heidenstamstorg,priority=distance,startPositionLatitude=17.6449748,startPositionLongitude=59.8589748
userId=345008,2015-06-11 15:53:17,null,2015-06-10 14:45:48,stPosition=Djäknegatan,edPosition=Regins väg,priority=distance,startPositionLatitude=17.644061899999997,startPositionLongitude=59.858061899999996
userId=284431,2015-06-11 11:52:47,null,2015-06-10 14:45:48,stPosition=Sernanders väg,edPosition=Ekebyhus,priority=time,startPositionLatitude=17.644980299999997,startPositionLongitude=59.8589803
userId=321792,null,2015-06-11 05:49:24,2015-06-10 14:45:48,stPosition=Sernanders väg,edPosition=Skolgatan,priority=distance,startPositionLatitude=17.6448686,startPositionLongitude=59.858868599999994
userId=173167,null,2015-06-11 15:08:46,2015-06-10 14:45:48,stPosition=Portalgatan,edPosition=Huges väg,priority=distance,startPositionLatitude=17.644891299999998,startPositionLongitude=59.858891299999996
userId=190789,2015-06-11 06:36:54,null,2015-06-10 14:45:48,stPosition=Kungshögarna,edPosition=Huges väg,priority=distance,startPositionLatitude=17.6443686,startPositionLongitude=59.8583686
userId=285528,2015-06-11 08:18:19,null,2015-06-10 14:45:48,stPosition=Sernanders väg,edPosition=Oslogatan,priority=distance,startPositionLatitude=17.644284099999997,startPositionLongitude=59.8582841
userId=342825,2015-06-11 09:35:14,null,2015-06-10 14:45:48,stPosition=Sernanders väg,edPosition=Huges väg,priority=time,startPositionLatitude=17.644803099999997,startPositionLongitude=59.858803099999996
userId=279017,2015-06-11 08:08:24,null,2015-06-10 14:45:48,stPosition=Flogsta vårdcentral,edPosition=Huges väg,priority=time,startPositionLatitude=17.644007199999997,startPositionLongitude=59.858007199999996
userId=9166,2015-06-11 06:20:58,null,2015-06-10 14:45:48,stPosition=Kantorsgatan,edPosition=Regins väg,priority=time,startPositionLatitude=17.6442315,startPositionLongitude=59.858231499999995
userId=257791,null,2015-06-11 15:37:46,2015-06-10 14:45:48,stPosition=Rickomberga,edPosition=Oslogatan,priority=distance,startPositionLatitude=17.644454399999997,startPositionLongitude=59.8584544
userId=125403,2015-06-11 06:09:02,null,2015-06-10 14:45:48,stPosition=Götgatan,edPosition=Regins väg,priority=distance,startPositionLatitude=17.6440608,startPositionLongitude=59.8580608
userId=160754,null,2015-06-11 17:41:58,2015-06-10 14:45:48,stPosition=Skolgatan,edPosition=Regins väg,priority=time,startPositionLatitude=17.644874899999998,startPositionLongitude=59.858874899999996
userId=80805,2015-06-11 18:04:51,null,2015-06-10 14:45:48,stPosition=Skolgatan,edPosition=Kantorsgatan,priority=time,startPositionLatitude=17.644103599999998,startPositionLongitude=59.8581036
userId=450711,2015-06-11 07:49:20,null,2015-06-10 14:45:48,stPosition=Ferlinsgatan,edPosition=Topeliusgatan,priority=time,startPositionLatitude=17.644061899999997,startPositionLongitude=59.858061899999996
userId=470861,2015-06-11 06:48:34,null,2015-06-10 14:45:48,stPosition=Kantorsgatan,edPosition=Reykjaviksgatan,priority=distance,startPositionLatitude=17.644980299999997,startPositionLongitude=59.8589803
userId=135561,null,2015-06-11 20:05:25,2015-06-10 14:45:48,stPosition=Sernanders väg,edPosition=Huges väg,priority=distance,startPositionLatitude=17.6448686,startPositionLongitude=59.858868599999994
userId=48989,2015-06-11 08:16:20,null,2015-06-10 14:45:48,stPosition=Sernanders väg,edPosition=Höganäsgatan,priority=time,startPositionLatitude=17.6443686,startPositionLongitude=59.8583686
userId=163761,null,2015-06-11 07:14:17,2015-06-10 14:45:48,stPosition=Götgatan,edPosition=Oslogatan,priority=distance,startPositionLatitude=17.644284099999997,startPositionLongitude=59.8582841
userId=200477,2015-06-11 08:39:12,null,2015-06-10 14:45:48,stPosition=Stadshuset,edPosition=Valhalls väg,priority=distance,startPositionLatitude=17.6447561,startPositionLongitude=59.858756099999994
userId=455776,null,2015-06-11 16:11:21,2015-06-10 14:45:48,stPosition=Säves väg,edPosition=Regins väg,priority=distance,startPositionLatitude=17.644007199999997,startPositionLongitude=59.858007199999996
userId=126045,2015-06-11 08:38:57,null,2015-06-10 14:45:48,stPosition=Vaksala torg,edPosition=Ekebyhus,priority=time,startPositionLatitude=17.6442315,startPositionLongitude=59.858231499999995
